{
  "CHANGELOG.md": 1775879373.7545412,
  "README.md": 1775879373.754971,
  "AGENTS.md": 1775879373.7544262,
  "CLAUDE.md": 1775897508.4161634,
  "playbook/06-agentic-os-patterns.md": 1775879373.7576272,
  "playbook/07-daily-workflow.md": 1775896987.7509542,
  "playbook/02-context-management.md": 1775879373.7572062,
  "playbook/01-prompt-patterns.md": 1775879373.757095,
  "playbook/05-team-workflows.md": 1775879373.757522,
  "playbook/03-memory-sessions.md": 1775879373.7573097
}